Thane,38.65,74.4,30.68
Thane,37.68,74.84,65.76
Thane,65.49,48.54,33.18
North 24 Parganas,67.75,61.88,56.32
North 24 Parganas,53.91,54.07,82.76
North 24 Parganas,53.97,48.95,46.19
Bangalore Urban,40.38,66.32,80.36
Bangalore Urban,27.42,65.21,86.72
Bangalore Urban,65.31,68.12,19.1
Pune,50.84,59.33,65.73
Pune,69.37,64.93,87.66
Pune,52.4,64.09,50.75
Mumbai suburban,28.35,40.03,78.21
Mumbai suburban,35.89,71.51,78.62
Mumbai suburban,25.79,46.37,49.79
South 24 Parganas,38.94,59.15,58.08
South 24 Parganas,51.83,52.23,59.77
South 24 Parganas,29.86,46.93,64.95
Bardhaman,35.1,59.13,83.18
Bardhaman,32.0,48.24,83.22
Bardhaman,29.68,78.26,89.72
Ahmedabad,66.54,42.51,83.04
Ahmedabad,47.41,43.96,79.28
Ahmedabad,56.68,65.89,40.13
Murshidabad,25.76,45.13,37.93
Murshidabad,59.93,72.52,32.93
Murshidabad,30.22,74.01,76.8
Jaipur,25.16,54.17,67.75
Jaipur,53.63,74.24,38.12
Jaipur,37.89,46.75,80.26
Nashik,50.97,59.15,41.57
Nashik,63.78,53.34,69.53
Nashik,47.79,53.2,60.41
Allahabad,26.0,45.84,40.65
Allahabad,26.61,74.02,36.23
Allahabad,67.95,66.46,86.86
Patna,50.0,48.51,78.92
Patna,68.0,45.85,56.62
Patna,59.59,59.12,52.89
Hooghly,59.18,62.55,46.63
Hooghly,45.01,48.75,24.62
Hooghly,65.61,79.22,39.69
Ranga Reddy,48.44,71.9,27.29
Ranga Reddy,58.29,54.59,15.56
Ranga Reddy,40.73,49.1,81.43
Nadia,42.54,57.7,43.36
Nadia,41.01,69.91,84.23
Nadia,31.14,56.4,40.96
East Godavari,26.19,78.46,17.25
East Godavari,28.41,52.37,24.39
East Godavari,37.32,43.04,89.45
Paschim Medinipur,31.23,43.86,65.62
Paschim Medinipur,41.03,65.79,54.71
Paschim Medinipur,58.28,55.21,64.37
East Champaran,59.43,73.2,18.26
East Champaran,47.09,77.48,74.09
East Champaran,37.71,75.61,50.08
Surat,47.08,51.77,16.62
Surat,69.91,59.4,35.91
Surat,36.0,50.8,20.43
Guntur,51.12,75.16,54.39
Guntur,34.57,60.07,66.03
Guntur,57.26,57.56,47.31
Howrah,36.37,65.02,86.45
Howrah,69.48,49.47,32.93
Howrah,33.1,72.5,50.17
Muzaffarpur,25.48,47.46,60.01
Muzaffarpur,59.32,52.49,50.41
Muzaffarpur,51.1,64.49,78.84
Belgaum,40.39,70.19,36.38
Belgaum,54.89,76.43,39.6
Belgaum,37.2,70.95,87.28
Moradabad,25.61,47.26,55.48
Moradabad,27.51,59.67,27.41
Moradabad,49.85,74.98,88.74
Chennai,57.18,40.74,69.4
Chennai,27.52,59.52,53.69
Chennai,42.77,40.16,51.41
Ghaziabad,47.66,61.54,54.18
Ghaziabad,34.0,77.79,68.8
Ghaziabad,39.9,55.5,37.34
Nagpur,39.67,44.65,52.31
Nagpur,69.26,68.67,24.41
Nagpur,67.03,43.88,52.86
Azamgarh,68.78,56.79,84.91
Azamgarh,66.75,60.21,36.24
Azamgarh,48.02,47.7,30.13
Lucknow,54.12,63.94,38.4
Lucknow,33.65,61.19,52.57
Lucknow,67.92,47.83,49.96
Kanpur Nagar,25.3,43.15,80.83
Kanpur Nagar,64.78,42.87,76.25
Kanpur Nagar,41.21,45.72,37.45
Ahmednagar,53.1,58.09,38.97
Ahmednagar,34.32,61.39,37.95
Ahmednagar,57.69,68.9,23.31
Krishna,31.21,69.97,20.69
Krishna,49.56,47.41,86.19
Krishna,56.5,78.3,25.6
Kolkata,46.13,45.39,43.3
Kolkata,44.18,74.38,69.0
Kolkata,49.81,40.53,72.36
Jaunpur district,36.34,58.2,73.15
Jaunpur district,35.9,73.67,67.07
Jaunpur district,39.04,79.48,65.52
Madhubani,54.82,45.16,81.81
Madhubani,46.9,58.52,63.21
Madhubani,26.14,64.76,37.64
Sitapur,62.42,74.24,76.46
Sitapur,52.78,57.46,16.87
Sitapur,52.9,47.08,39.16
Bareilly,45.8,44.79,64.82
Bareilly,51.06,51.18,70.88
Bareilly,50.89,72.37,70.72
Gorakhpur,47.4,73.55,15.28
Gorakhpur,43.77,74.65,60.73
Gorakhpur,41.96,69.76,44.49
Purba Medinipur,50.76,59.73,66.7
Purba Medinipur,45.06,54.13,65.33
Purba Medinipur,33.05,65.13,57.67
Agra,56.68,46.34,86.25
Agra,68.7,62.13,47.12
Agra,31.55,76.07,28.1
Gaya,64.36,70.9,47.27
Gaya,56.15,70.19,37.13
Gaya,36.82,74.13,82.82
Solapur,64.12,54.49,22.08
Solapur,30.57,73.4,62.7
Solapur,56.69,64.27,29.17
Visakhapatnam,41.18,48.15,23.47
Visakhapatnam,67.55,49.34,34.58
Visakhapatnam,33.61,77.57,80.06
Samastipur,65.53,78.94,29.9
Samastipur,26.32,79.93,42.63
Samastipur,47.61,52.39,27.86
Jalgaon,63.65,57.58,21.36
Jalgaon,54.29,44.38,41.65
Jalgaon,38.1,43.79,65.95
Chittoor,43.87,40.44,88.4
Chittoor,39.69,74.61,32.93
Chittoor,48.61,50.15,78.27
Muzaffarnagar,45.8,40.07,62.09
Muzaffarnagar,49.11,47.67,20.55
Muzaffarnagar,55.17,77.55,25.06
Malappuram,41.56,78.74,54.8
Malappuram,39.02,74.95,81.83
Malappuram,49.93,79.53,28.3
Hardoi,45.78,43.66,52.46
Hardoi,47.32,58.6,50.91
Hardoi,54.36,61.69,48.65
Anantapur,26.55,57.45,53.69
Anantapur,43.49,41.27,49.24
Anantapur,54.57,70.26,52.93
Raipur,67.11,64.82,24.59
Raipur,50.32,75.51,48.03
Raipur,69.43,49.98,86.97
Kurnool,44.87,42.05,42.94
Kurnool,46.85,60.36,85.94
Kurnool,39.12,40.44,64.47
Mahbubnagar,67.37,64.83,62.61
Mahbubnagar,32.34,54.49,15.29
Mahbubnagar,45.33,50.71,20.04
Lakhimpur Kheri,31.27,41.48,83.51
Lakhimpur Kheri,41.51,76.29,75.95
Lakhimpur Kheri,61.41,50.63,86.46
Hyderabad,68.24,60.89,45.08
Hyderabad,52.78,75.39,76.79
Hyderabad,43.91,66.66,41.37
Maldah,61.81,46.84,73.22
Maldah,44.28,64.78,43.22
Maldah,47.9,73.56,68.34
Madurai,65.06,75.89,23.54
Madurai,26.47,70.11,44.7
Madurai,53.72,66.64,65.79
Kanchipuram,36.58,66.21,44.24
Kanchipuram,39.81,63.43,17.99
Kanchipuram,29.35,76.55,37.67
Saran,46.39,77.28,61.59
Saran,25.69,60.81,59.65
Saran,49.27,65.83,39.98
West Champaran,46.29,70.84,44.35
West Champaran,43.47,69.47,76.32
West Champaran,62.62,60.3,21.44
West Godavari,66.89,42.12,59.87
West Godavari,65.42,40.74,35.08
West Godavari,32.45,47.16,67.12
Vellore,28.24,48.5,19.82
Vellore,26.7,67.18,73.55
Vellore,32.57,62.82,60.51
Darbhanga,44.21,76.07,18.26
Darbhanga,44.94,48.43,75.92
Darbhanga,68.03,42.15,66.63
Kolhapur,43.83,65.34,18.75
Kolhapur,63.26,62.45,75.13
Kolhapur,43.73,53.48,86.06
Jalpaiguri,49.12,71.76,75.02
Jalpaiguri,36.95,52.18,49.99
Jalpaiguri,38.61,42.19,88.45
Karimnagar,31.27,74.59,73.57
Karimnagar,42.13,76.72,20.45
Karimnagar,41.7,69.57,38.14
Sultanpur,47.09,71.53,41.99
Sultanpur,32.84,73.24,74.32
Sultanpur,35.96,66.46,75.59
Tiruvallur,26.18,72.13,37.66
Tiruvallur,48.1,62.85,63.69
Tiruvallur,66.63,73.52,21.93
Budaun,25.52,56.29,65.5
Budaun,52.65,48.98,54.23
Budaun,54.33,75.33,19.28
Aurangabad,67.4,62.58,86.6
Aurangabad,67.22,43.14,61.7
Aurangabad,33.09,71.84,21.82
Jodhpur,33.57,71.48,48.77
Jodhpur,49.65,70.25,73.95
Jodhpur,51.3,46.17,89.82
Bijnor,68.25,65.58,74.36
Bijnor,31.51,56.16,33.04
Bijnor,28.07,76.15,87.24
Varanasi,64.79,52.46,72.71
Varanasi,53.59,74.01,78.55
Varanasi,51.09,73.19,18.43
Aligarh,57.21,60.09,30.77
Aligarh,39.78,40.65,67.89
Aligarh,58.93,47.76,18.55
Alwar,69.45,72.19,76.08
Alwar,31.02,44.49,68.56
Alwar,50.39,69.26,71.1
North West Delhi,32.85,41.36,43.13
North West Delhi,64.24,44.04,47.56
North West Delhi,49.96,54.61,53.58
Vadodara,55.35,71.61,68.26
Vadodara,27.99,69.93,37.86
Vadodara,25.79,49.47,54.5
Ghazipur,38.71,54.51,39.7
Ghazipur,43.88,70.22,72.79
Ghazipur,25.72,58.25,53.65
Bankura,45.59,79.89,84.94
Bankura,27.55,59.68,36.76
Bankura,62.61,42.88,61.93
Kushinagar,41.04,43.54,36.27
Kushinagar,50.07,70.59,66.09
Kushinagar,31.68,51.66,21.43
Warangal,25.79,48.1,43.11
Warangal,60.77,52.69,47.44
Warangal,57.68,50.68,59.46
Ganjam,67.09,46.09,58.08
Ganjam,64.13,62.62,70.27
Ganjam,57.69,74.49,41.24
Birbhum,41.87,50.59,16.08
Birbhum,49.51,45.33,40.37
Birbhum,57.5,49.68,18.63
Bulandshahr,36.35,48.83,79.29
Bulandshahr,66.58,67.02,39.38
Bulandshahr,55.16,66.54,57.5
Vaishali,60.82,72.05,40.23
Vaishali,55.19,76.73,62.64
Vaishali,36.55,68.83,35.49
Ludhiana,66.52,72.07,89.06
Ludhiana,59.9,65.28,49.7
Ludhiana,68.92,41.87,88.45
Nalgonda,43.23,69.47,56.75
Nalgonda,29.44,46.21,41.17
Nalgonda,28.84,65.07,46.9
Salem,27.66,55.13,62.33
Salem,47.24,43.11,41.17
Salem,59.77,51.2,17.5
Coimbatore,25.6,49.79,86.75
Coimbatore,29.05,46.4,34.01
Coimbatore,38.15,71.37,72.2
Saharanpur,59.65,71.71,87.45
Saharanpur,39.83,65.8,77.12
Saharanpur,40.76,56.69,83.94
Viluppuram,47.91,42.68,57.89
Viluppuram,37.28,56.06,74.58
Viluppuram,39.52,61.29,59.76
Meerut,49.13,75.06,46.39
Meerut,61.16,57.84,17.36
Meerut,42.12,69.33,67.24
Gonda,61.72,65.67,37.64
Gonda,28.68,47.51,20.66
Gonda,37.4,67.74,83.25
Sitamarhi,32.13,74.13,44.51
Sitamarhi,56.78,56.94,47.4
Sitamarhi,54.3,40.76,52.91
Raebareli,51.05,66.01,21.78
Raebareli,61.4,71.04,61.04
Raebareli,39.97,76.13,28.78
Prakasam,48.01,64.9,71.78
Prakasam,27.03,79.9,51.29
Prakasam,43.85,67.69,38.35
Nanded,47.78,69.06,38.8
Nanded,43.85,55.96,79.98
Nanded,45.38,43.56,31.63
Durg,26.55,40.96,22.77
Durg,62.13,43.97,17.6
Durg,35.66,68.38,25.59
Siwan,62.28,69.13,26.92
Siwan,30.42,45.47,49.59
Siwan,31.69,73.82,56.95
Nagaur,56.88,42.24,46.96
Nagaur,37.34,77.29,41.74
Nagaur,29.72,68.6,81.58
Thiruvananthapuram,57.31,54.45,65.41
Thiruvananthapuram,40.24,70.55,18.03
Thiruvananthapuram,28.2,67.21,24.17
Ernakulam,41.46,73.74,59.11
Ernakulam,44.54,54.32,21.86
Ernakulam,42.08,50.32,77.77
Purnia,64.0,63.55,66.24
Purnia,33.98,43.85,88.45
Purnia,28.28,51.23,44.39
Indore,57.36,50.99,78.94
Indore,42.7,51.01,16.59
Indore,68.73,72.04,18.75
Barabanki,53.38,54.13,80.35
Barabanki,52.44,65.34,18.39
Barabanki,34.39,42.53,76.76
Ballia,53.51,61.79,49.91
Ballia,45.98,40.39,88.55
Ballia,46.47,79.93,53.44
Pratapgarh,30.3,42.58,18.07
Pratapgarh,56.28,61.97,18.67
Pratapgarh,66.78,53.97,63.19
Rajkot,33.87,75.47,15.45
Rajkot,36.42,62.75,23.91
Rajkot,42.47,67.28,69.27
Mumbai City,44.85,46.71,74.51
Mumbai City,30.97,77.45,34.04
Mumbai City,48.41,77.9,15.47
Banaskantha,38.39,56.69,27.28
Banaskantha,37.33,70.54,73.51
Banaskantha,50.64,56.37,39.88
Unnao,47.67,47.43,40.32
Unnao,43.22,58.67,84.86
Unnao,29.16,77.97,39.06
Thrissur,61.89,56.7,77.47
Thrissur,42.16,73.41,87.01
Thrissur,53.7,72.95,73.77
Deoria,29.33,77.1,68.22
Deoria,44.16,71.74,74.12
Deoria,27.73,73.58,59.5
Kozhikode,35.72,60.02,40.16
Kozhikode,53.77,51.44,88.42
Kozhikode,37.61,71.52,73.1
Tirunelveli,56.75,69.08,19.27
Tirunelveli,65.62,79.17,89.81
Tirunelveli,42.78,79.56,35.21
Katihar,46.04,70.64,25.33
Katihar,25.21,59.59,63.11
Katihar,27.24,58.65,77.67
Udaipur,44.21,40.69,86.4
Udaipur,27.42,53.46,21.32
Udaipur,48.31,70.47,52.12
Bhagalpur,54.07,56.18,16.49
Bhagalpur,39.68,52.3,56.79
Bhagalpur,69.2,63.39,22.27
Medak,65.48,47.88,62.35
Medak,35.85,53.51,21.88
Medak,29.13,76.29,23.86
Satara,48.8,55.05,79.54
Satara,45.91,78.14,65.02
Satara,47.44,74.29,41.74
Shahjahanpur,57.92,74.8,32.01
Shahjahanpur,41.64,63.12,43.63
Shahjahanpur,52.69,50.14,72.47
Uttar Dinajpur,39.32,68.55,43.5
Uttar Dinajpur,52.46,70.92,63.98
Uttar Dinajpur,44.5,67.42,74.59
Mysore,54.61,79.29,66.01
Mysore,67.77,43.86,32.03
Mysore,32.09,71.22,81.93
Sri Potti Sriramulu Nellore,47.37,59.46,34.53
Sri Potti Sriramulu Nellore,68.66,70.06,34.13
Sri Potti Sriramulu Nellore,30.22,46.89,60.21
Rohtas,33.74,41.79,79.94
Rohtas,51.1,42.2,41.21
Rohtas,40.09,51.46,69.56
Begusarai,56.83,78.38,63.41
Begusarai,32.56,78.47,77.14
Begusarai,34.39,59.1,64.4
Purulia,62.47,77.15,20.48
Purulia,52.09,55.17,15.84
Purulia,63.74,64.8,83.83
Ranchi,39.0,53.82,49.75
Ranchi,45.5,72.8,85.63
Ranchi,65.84,68.5,31.84
Patiala,55.2,42.33,54.2
Patiala,56.76,66.31,32.7
Patiala,43.32,75.42,69.39
Amravati,33.15,49.69,28.47
Amravati,56.68,44.44,21.47
Amravati,30.94,62.61,19.09
Kadapa,35.19,56.04,27.06
Kadapa,61.57,73.22,85.32
Kadapa,36.26,48.7,76.13
Bhavnagar,60.77,68.08,30.57
Bhavnagar,38.73,41.83,59.25
Bhavnagar,36.51,56.37,33.17
Nalanda,25.06,44.45,79.27
Nalanda,68.5,70.14,56.1
Nalanda,38.44,55.7,45.11
Kanyakumari,27.27,65.11,73.85
Kanyakumari,46.72,65.9,49.56
Kanyakumari,55.3,53.37,17.63
Nagaon,33.6,76.6,60.65
Nagaon,33.08,69.55,49.52
Nagaon,43.82,54.42,87.61
Cooch Behar,26.65,61.99,62.95
Cooch Behar,36.38,64.48,74.12
Cooch Behar,27.89,74.87,73.15
Sangli,31.22,56.66,82.39
Sangli,43.75,78.2,89.26
Sangli,38.24,68.89,58.51
Palakkad,36.54,46.91,20.02
Palakkad,50.94,48.74,51.39
Palakkad,26.24,73.51,65.45
Araria,42.66,57.83,44.59
Araria,38.2,61.39,62.64
Araria,47.47,65.94,74.47
Khammam,54.18,51.49,89.99
Khammam,36.78,51.41,65.15
Khammam,43.64,78.13,66.65
Yavatmal,65.3,49.1,41.17
Yavatmal,48.14,44.76,37.59
Yavatmal,38.77,40.18,75.28
Junagadh,56.32,40.23,82.53
Junagadh,39.62,42.73,25.12
Junagadh,53.21,59.99,70.94
Adilabad,64.49,56.14,56.08
Adilabad,33.01,51.97,42.1
Adilabad,26.19,51.87,22.4
South Delhi,43.2,65.81,81.71
South Delhi,33.2,59.68,71.08
South Delhi,56.92,66.16,60.75
Bhojpur,25.51,42.08,75.57
Bhojpur,44.13,49.62,16.86
Bhojpur,30.28,79.79,53.18
Tiruchirappalli,28.04,66.49,82.53
Tiruchirappalli,68.85,45.31,27.63
Tiruchirappalli,37.7,50.66,69.68
Srikakulam,48.79,75.57,87.92
Srikakulam,41.02,74.27,27.28
Srikakulam,29.39,76.34,53.37
Dhanbad,63.17,79.81,16.27
Dhanbad,29.11,48.38,47.74
Dhanbad,56.42,62.97,54.48
Tumkur,39.36,58.4,83.16
Tumkur,44.49,60.24,88.29
Tumkur,38.73,40.78,53.49
Sikar,56.41,43.89,52.33
Sikar,68.82,43.25,22.23
Sikar,62.52,52.77,45.33
Maharajganj,65.56,50.41,55.94
Maharajganj,59.67,67.0,41.56
Maharajganj,30.46,71.99,65.94
Bilaspur,42.47,53.44,75.58
Bilaspur,59.0,67.69,88.5
Bilaspur,69.58,69.75,28.57
Raigad,38.32,43.48,39.38
Raigad,53.45,43.19,28.01
Raigad,54.18,61.86,62.66
Fatehpur,64.78,58.56,78.71
Fatehpur,43.63,54.75,41.87
Fatehpur,33.32,71.52,50.92
Kollam,35.99,55.21,24.4
Kollam,54.24,41.89,85.78
Kollam,59.93,75.0,35.02
Cuttack,65.02,65.39,24.76
Cuttack,33.05,56.09,79.45
Cuttack,38.89,73.73,85.68
Barmer,29.33,78.97,19.72
Barmer,55.43,47.2,31.82
Barmer,30.05,53.09,48.56
Cuddalore,40.15,72.89,33.99
Cuddalore,33.0,47.63,66.7
Cuddalore,41.47,63.3,49.41
Buldhana,53.89,57.57,17.32
Buldhana,29.27,46.08,71.78
Buldhana,31.61,76.76,73.76
Beed,43.98,66.25,25.85
Beed,64.73,75.45,88.79
Beed,27.9,58.69,20.17
Ajmer,41.29,50.62,83.73
Ajmer,35.75,62.69,58.58
Ajmer,33.78,62.18,37.41
Gulbarga,39.65,77.8,47.01
Gulbarga,64.44,57.68,73.52
Gulbarga,32.23,77.4,43.66
Gopalganj,26.9,47.1,77.98
Gopalganj,48.34,63.47,23.65
Gopalganj,51.87,67.96,50.21
Siddharthnagar,66.13,63.78,86.14
Siddharthnagar,61.78,74.98,72.18
Siddharthnagar,61.33,46.84,88.05
Nizamabad,40.24,71.13,48.07
Nizamabad,30.45,70.48,33.12
Nizamabad,58.41,40.03,63.27
Bharatpur,58.94,46.5,44.93
Bharatpur,59.17,62.13,26.73
Bharatpur,55.04,79.44,54.44
Mathura,45.88,61.0,64.9
Mathura,32.19,58.01,31.12
Mathura,30.19,47.43,84.42
Bellary,63.87,63.3,15.6
Bellary,40.18,75.81,76.06
Bellary,52.04,78.39,59.83
West Delhi,37.72,56.22,81.06
West Delhi,35.4,67.42,88.51
West Delhi,41.38,76.92,37.94
Kannur,36.08,46.34,18.46
Kannur,30.64,79.62,21.6
Kannur,64.73,55.44,55.92
Mayurbhanj,26.02,47.08,31.73
Mayurbhanj,63.92,75.34,16.82
Mayurbhanj,48.06,66.69,54.03
Aurangabad,65.47,50.16,46.94
Aurangabad,64.22,75.79,69.34
Aurangabad,46.51,56.58,64.05
Firozabad,25.06,68.5,36.83
Firozabad,31.13,42.08,34.91
Firozabad,60.88,67.32,63.67
Mirzapur,25.57,60.36,52.64
Mirzapur,46.68,65.93,40.67
Mirzapur,26.58,45.34,56.44
Amritsar,25.5,72.04,69.57
Amritsar,28.0,78.19,87.91
Amritsar,63.5,47.14,89.67
Tirupur,28.06,46.91,79.04
Tirupur,60.7,72.67,33.9
Tirupur,53.0,51.9,40.04
Tiruvannamalai,44.05,78.71,32.72
Tiruvannamalai,33.21,75.62,59.39
Tiruvannamalai,61.4,63.33,16.19
Faizabad,62.47,45.11,85.83
Faizabad,42.53,73.74,61.72
Faizabad,62.52,66.55,51.16
Basti,60.92,77.25,29.54
Basti,64.59,68.06,56.13
Basti,57.05,47.05,26.22
Jabalpur,42.97,45.97,22.01
Jabalpur,67.8,76.86,71.07
Jabalpur,44.09,71.22,33.0
Latur,28.89,75.5,76.42
Latur,37.09,67.15,71.81
Latur,30.87,74.79,76.06
Giridih,64.82,73.69,31.7
Giridih,57.06,76.58,58.65
Giridih,43.66,67.35,57.46
Sabarkantha,32.29,75.05,18.58
Sabarkantha,68.54,58.38,56.41
Sabarkantha,28.86,46.54,69.97
Bhilwara,33.55,44.91,22.91
Bhilwara,58.92,45.44,50.81
Bhilwara,68.53,76.1,19.85
Thanjavur,29.26,43.52,62.3
Thanjavur,41.49,70.4,55.57
Thanjavur,33.56,76.57,71.17
Ambedkar Nagar,51.89,42.22,44.27
Ambedkar Nagar,44.51,43.89,25.94
Ambedkar Nagar,38.49,55.43,30.59
Panchmahal,32.24,66.7,83.66
Panchmahal,55.39,77.89,65.01
Panchmahal,58.19,57.02,77.21
Bahraich,48.82,61.34,88.21
Bahraich,27.85,46.85,33.84
Bahraich,36.23,50.66,44.93
Sagar,61.27,54.52,20.15
Sagar,65.69,40.94,47.77
Sagar,60.05,60.36,57.35
Bhopal,68.71,70.79,40.96
Bhopal,53.91,65.28,58.57
Bhopal,63.36,49.28,17.66
Bikaner,29.52,59.84,32.33
Bikaner,27.05,40.35,86.41
Bikaner,61.25,74.16,81.19
Rewa,49.92,70.79,76.63
Rewa,29.1,43.44,67.64
Rewa,64.26,76.8,57.3
Vizianagaram,46.06,79.03,89.17
Vizianagaram,25.82,60.41,64.9
Vizianagaram,45.14,44.96,25.54
Rampur,69.65,71.03,45.85
Rampur,32.33,79.09,75.07
Rampur,54.01,50.93,36.8
Balasore,64.66,41.81,84.28
Balasore,66.22,74.86,19.36
Balasore,66.11,74.64,68.86
Gurdaspur,44.82,67.26,62.98
Gurdaspur,27.65,57.29,62.45
Gurdaspur,66.27,76.09,72.28
Kheda,52.88,44.82,78.19
Kheda,64.34,40.0,63.11
Kheda,30.31,43.29,88.51
South West Delhi,59.36,55.93,36.63
South West Delhi,47.84,45.57,19.7
South West Delhi,38.11,70.04,16.78
East Singhbhum,32.06,47.17,38.66
East Singhbhum,64.43,61.87,63.29
East Singhbhum,56.05,68.39,36.68
Erode,27.68,55.11,36.78
Erode,39.89,66.08,29.76
Erode,30.4,62.81,16.6
Khordha,27.38,62.45,80.99
Khordha,63.83,68.87,32.64
Khordha,30.97,56.66,53.0
North East Delhi,66.76,73.92,26.15
North East Delhi,60.37,49.78,55.45
North East Delhi,43.31,53.44,36.76
Satna,55.5,72.86,74.25
Satna,38.83,63.9,40.71
Satna,54.42,61.26,59.71
Supaul,67.98,65.67,86.55
Supaul,39.07,41.76,75.49
Supaul,63.29,74.23,35.33
Sambhal(Bheem Nagar),33.34,48.67,60.35
Sambhal(Bheem Nagar),43.06,55.71,78.86
Sambhal(Bheem Nagar),64.83,57.66,81.07
Nawada,38.02,69.55,47.73
Nawada,45.42,60.5,27.5
Nawada,37.94,69.4,70.89
Mau,46.59,40.81,74.13
Mau,57.23,46.82,42.12
Mau,27.37,65.34,51.04
Chandrapur,67.64,66.53,65.87
Chandrapur,54.97,44.51,48.45
Chandrapur,44.31,61.88,19.19
Dhar,45.45,66.22,54.38
Dhar,50.68,65.04,72.66
Dhar,64.52,61.68,24.17
Jalandhar,63.85,73.04,62.64
Jalandhar,30.78,53.87,85.07
Jalandhar,59.01,66.14,53.81
Vijayapura,61.15,47.16,77.21
Vijayapura,45.15,53.28,77.72
Vijayapura,60.87,79.53,44.64
Dindigul,29.31,55.86,87.45
Dindigul,31.15,53.0,32.16
Dindigul,48.53,65.67,23.05
Jamnagar,36.19,66.62,55.8
Jamnagar,61.97,42.26,74.79
Jamnagar,66.87,59.76,15.52
Balrampur,68.92,49.43,69.59
Balrampur,45.51,73.16,40.35
Balrampur,28.39,65.06,81.76
Jhunjhunu,34.41,61.31,66.35
Jhunjhunu,28.14,59.81,70.5
Jhunjhunu,38.55,73.62,51.02
Dahod,47.26,42.65,87.3
Dahod,26.25,44.95,89.79
Dahod,40.73,79.52,15.53
Alappuzha,43.42,78.43,55.76
Alappuzha,57.71,64.85,20.27
Alappuzha,57.18,70.1,82.08
Kutch,38.25,77.75,75.05
Kutch,58.16,46.38,71.32
Kutch,40.38,70.23,39.85
Chhindwara,58.72,42.15,42.07
Chhindwara,48.04,47.09,20.69
Chhindwara,28.8,76.74,41.24
Anand,25.08,62.26,63.14
Anand,33.22,45.14,52.29
Anand,41.53,45.39,84.84
Dakshina Kannada,66.0,56.89,16.83
Dakshina Kannada,69.12,44.6,46.49
Dakshina Kannada,52.53,69.83,33.15
Sundargarh,38.07,53.43,65.63
Sundargarh,62.1,67.33,28.14
Sundargarh,51.94,50.9,79.06
Bokaro,37.02,62.12,22.21
Bokaro,43.06,46.27,59.01
Bokaro,60.19,45.65,59.76
Dhule,25.89,63.11,52.34
Dhule,30.01,56.06,81.33
Dhule,28.45,74.24,27.86
Churu,38.53,40.8,18.29
Churu,27.15,62.87,85.28
Churu,33.09,42.06,53.57
Pali,63.13,70.11,70.78
Pali,26.13,62.84,76.72
Pali,56.8,67.63,29.03
Pilibhit,68.59,42.34,24.45
Pilibhit,68.42,59.35,86.04
Pilibhit,33.63,41.58,72.38
Gwalior,53.18,58.05,54.64
Gwalior,37.32,45.92,41.28
Gwalior,50.87,47.36,32.66
Banka,42.32,53.19,27.14
Banka,46.09,42.64,51.04
Banka,67.83,53.12,49.44
Mehsana,57.16,48.58,43.87
Mehsana,45.78,53.07,31.5
Mehsana,64.88,78.52,19.95
Firozpur,66.87,45.83,85.86
Firozpur,48.92,61.92,58.21
Firozpur,27.79,74.36,51.09
Jhansi,32.97,61.77,57.56
Jhansi,69.08,62.24,67.8
Jhansi,53.8,66.7,59.3
Pathankot,28.1,76.36,21.57
Pathankot,66.36,69.17,46.31
Pathankot,55.04,77.37,55.23
Madhepura,64.26,78.39,70.46
Madhepura,33.07,75.25,60.05
Madhepura,28.11,42.82,53.63
Ujjain,61.63,58.12,40.41
Ujjain,25.49,41.22,69.21
Ujjain,30.33,57.2,47.25
Kottayam,54.53,48.65,62.3
Kottayam,25.88,66.06,52.64
Kottayam,55.73,46.42,25.76
Ganganagar,25.41,64.21,20.91
Ganganagar,35.35,52.64,15.23
Ganganagar,27.03,52.88,89.2
Morena,35.99,57.14,85.96
Morena,43.8,51.85,57.11
Morena,52.43,40.31,74.88
Jalna,43.99,41.14,72.77
Jalna,54.58,63.5,49.9
Jalna,62.82,68.81,49.45
Chandauli,64.23,74.37,18.04
Chandauli,29.15,73.05,65.5
Chandauli,67.36,60.71,84.64
Kota,29.91,66.77,27.18
Kota,38.05,45.94,32.29
Kota,52.84,74.53,25.04
Dhubri,28.53,66.83,36.7
Dhubri,50.92,70.8,29.39
Dhubri,38.04,70.11,38.14
Davanagere,31.71,78.92,73.03
Davanagere,35.85,72.91,52.52
Davanagere,65.96,63.29,62.87
Virudhunagar,31.47,67.65,59.03
Virudhunagar,65.27,47.46,49.85
Virudhunagar,69.08,50.84,16.13
Palamu,42.96,47.24,34.61
Palamu,26.91,54.63,73.02
Palamu,38.2,63.27,84.07
Haridwar,58.15,50.4,69.84
Haridwar,32.81,72.4,58.86
Haridwar,26.36,72.72,26.46
Sonitpur,51.37,40.4,42.02
Sonitpur,29.87,45.03,23.95
Sonitpur,34.62,45.94,80.48
Raichur,36.77,71.42,55.01
Raichur,50.4,74.4,61.44
Raichur,51.56,57.45,81.95
Pudukkottai,47.35,55.94,42.7
Pudukkottai,41.42,58.07,48.61
Pudukkottai,28.02,55.93,35.06
Saharsa,31.13,52.43,38.32
Saharsa,41.12,76.22,64.33
Saharsa,30.34,74.49,19.85
Bagalkot,35.31,76.24,38.82
Bagalkot,30.07,58.58,60.2
Bagalkot,54.37,79.08,59.08
Farrukhabad,63.74,46.96,61.02
Farrukhabad,66.8,61.56,46.87
Farrukhabad,55.59,42.77,37.2
Krishnagiri,57.06,44.82,40.37
Krishnagiri,64.89,49.04,20.08
Krishnagiri,42.35,71.37,63.39
Khargone (West Nimar),48.72,42.61,53.86
Khargone (West Nimar),36.36,42.67,40.77
Khargone (West Nimar),68.14,68.65,80.16
Sonbhadra,34.65,56.8,45.55
Sonbhadra,62.72,70.56,86.31
Sonbhadra,49.25,70.2,61.47
Mainpuri,48.05,49.23,15.32
Mainpuri,69.81,67.23,65.62
Mainpuri,26.49,77.4,59.11
Dharwad,61.83,62.73,86.96
Dharwad,31.4,71.82,74.23
Dharwad,55.22,75.12,48.95
Darjeeling,44.38,78.01,71.91
Darjeeling,36.78,75.85,70.08
Darjeeling,56.41,77.31,75.91
Jyotiba Phule Nagar,55.06,46.24,81.42
Jyotiba Phule Nagar,39.21,71.03,82.5
Jyotiba Phule Nagar,62.17,72.91,85.71
Parbhani,51.92,78.3,60.41
Parbhani,34.01,56.83,26.96
Parbhani,31.32,77.61,23.5
Jalore,51.89,40.15,40.86
Jalore,28.84,62.3,34.94
Jalore,37.42,50.04,84.28
Jajpur,62.39,58.69,33.09
Jajpur,29.38,77.41,41.91
Jajpur,45.77,50.64,71.25
Akola,66.15,58.11,81.37
Akola,35.34,51.12,16.68
Akola,32.03,42.84,21.75
Mandya,39.21,64.83,18.4
Mandya,44.89,75.44,64.9
Mandya,68.2,41.12,46.79
Kendujhar (Keonjhar),37.02,59.96,85.76
Kendujhar (Keonjhar),53.14,41.7,22.91
Kendujhar (Keonjhar),59.18,53.42,48.86
Banda,28.03,73.23,18.5
Banda,25.86,79.49,69.62
Banda,61.08,71.71,60.6
Faridabad,27.88,75.72,24.23
Faridabad,60.37,40.7,88.43
Faridabad,61.2,78.87,52.47
Banswara,65.51,66.08,81.5
Banswara,60.0,73.99,36.43
Banswara,64.13,71.46,49.54
Kanpur Dehat (Ramabai Nagar),53.87,55.53,43.95
Kanpur Dehat (Ramabai Nagar),43.13,61.64,47.64
Kanpur Dehat (Ramabai Nagar),55.41,58.04,17.27
Hanumangarh,37.0,61.57,88.92
Hanumangarh,56.79,51.58,82.12
Hanumangarh,49.13,71.26,63.39
Hassan,44.22,43.44,89.83
Hassan,60.16,78.54,79.31
Hassan,29.38,66.55,18.44
Chhatarpur,39.09,41.84,44.95
Chhatarpur,49.62,41.73,73.7
Chhatarpur,52.27,72.88,79.07
Etah,44.89,70.79,68.1
Etah,27.07,72.09,35.53
Etah,51.34,74.85,46.54
Jamui,39.0,68.86,20.25
Jamui,66.58,53.99,36.07
Jamui,31.7,62.04,60.18
Surendranagar,32.56,71.24,78.93
Surendranagar,66.56,60.66,78.41
Surendranagar,59.44,79.27,72.98
Shimoga,41.22,43.36,38.07
Shimoga,45.61,58.13,87.28
Shimoga,68.73,51.35,61.77
Hissar,61.82,56.48,86.55
Hissar,61.63,60.31,59.78
Hissar,33.78,71.76,50.22
Thoothukudi,43.86,77.1,74.58
Thoothukudi,50.21,45.48,69.74
Thoothukudi,41.02,79.08,51.58
Cachar,51.43,68.0,56.72
Cachar,51.43,49.99,87.66
Cachar,28.44,56.04,29.05
Hazaribag,62.73,71.01,53.87
Hazaribag,60.53,54.15,58.2
Hazaribag,45.95,52.68,74.29
Shivpuri,51.45,44.91,86.77
Shivpuri,49.02,58.72,80.63
Shivpuri,45.12,54.0,71.84
Namakkal,35.66,70.13,20.27
Namakkal,50.34,68.23,35.52
Namakkal,28.23,72.67,27.08
Sant Kabir Nagar,30.78,78.72,19.44
Sant Kabir Nagar,57.27,56.4,17.82
Sant Kabir Nagar,62.71,60.92,82.99
East Delhi,32.73,62.3,47.14
East Delhi,40.22,72.6,16.94
East Delhi,35.35,48.51,60.8
Buxar,56.28,60.37,78.65
Buxar,41.46,53.38,65.48
Buxar,62.87,50.03,63.72
Bhind,46.6,59.55,46.55
Bhind,64.43,45.78,37.92
Bhind,40.59,72.41,71.07
Valsad,67.24,78.45,48.83
Valsad,61.7,60.96,81.06
Valsad,38.09,41.85,83.4
Balaghat,58.96,49.35,23.79
Balaghat,39.29,76.64,74.72
Balaghat,64.54,77.25,27.31
Bidar,39.58,70.75,72.34
Bidar,34.36,51.15,22.85
Bidar,36.49,64.68,15.34
Alipurduar,30.01,47.89,18.85
Alipurduar,44.95,61.21,84.38
Alipurduar,47.67,59.37,40.56
Dehradun,69.04,44.33,71.04
Dehradun,29.45,54.39,80.61
Dehradun,31.52,53.23,35.46
Puri,68.83,56.51,26.33
Puri,34.13,47.79,86.69
Puri,66.85,61.6,51.8
Barpeta,60.07,52.42,39.37
Barpeta,69.87,67.06,89.53
Barpeta,58.2,66.89,28.91
Kishanganj,29.28,70.79,77.41
Kishanganj,40.55,77.25,77.7
Kishanganj,44.29,40.39,86.93
Gautam Buddh Nagar,63.57,75.95,25.57
Gautam Buddh Nagar,33.61,44.32,37.86
Gautam Buddh Nagar,31.82,57.05,21.9
Dakshin Dinajpur,29.45,79.94,63.59
Dakshin Dinajpur,62.22,67.44,61.32
Dakshin Dinajpur,53.76,43.33,41.73
Jalaun,54.49,64.62,62.96
Jalaun,68.96,46.19,49.28
Jalaun,52.94,52.26,89.57
Chitradurga,59.98,43.14,88.55
Chitradurga,57.1,58.12,18.77
Chitradurga,36.02,67.24,57.5
Osmanabad,35.31,52.23,48.81
Osmanabad,41.69,65.49,27.4
Osmanabad,54.23,62.09,86.16
Kannauj,34.33,61.34,73.75
Kannauj,27.53,54.19,56.73
Kannauj,67.35,55.42,29.63
Khagaria,55.98,51.86,61.39
Khagaria,50.12,78.46,24.89
Khagaria,60.3,57.07,83.84
Sangrur,54.23,64.24,20.92
Sangrur,62.9,40.05,46.68
Sangrur,26.52,68.2,89.38
Balangir,32.14,62.64,71.68
Balangir,38.7,67.82,60.59
Balangir,46.29,55.59,41.01
Udham Singh Nagar,53.16,53.31,72.9
Udham Singh Nagar,47.61,43.61,48.02
Udham Singh Nagar,57.37,68.76,65.15
Nandurbar,60.96,43.16,39.9
Nandurbar,35.96,41.74,73.1
Nandurbar,28.06,48.23,52.06
Dausa,54.62,67.69,60.17
Dausa,57.1,70.47,54.21
Dausa,29.65,71.0,64.2
Bhiwani,65.65,66.63,60.7
Bhiwani,25.25,40.4,50.64
Bhiwani,30.94,71.23,23.9
Kaimur,65.3,55.13,43.96
Kaimur,32.93,41.54,86.38
Kaimur,25.23,76.55,30.68
Janjgir-Champa,44.28,58.37,19.6
Janjgir-Champa,54.94,77.54,26.16
Janjgir-Champa,38.88,61.87,30.16
Nagapattinam,43.93,47.95,73.96
Nagapattinam,62.3,63.87,64.95
Nagapattinam,54.2,78.43,56.92
Ratnagiri,68.69,49.03,51.12
Ratnagiri,25.23,76.88,80.79
Ratnagiri,66.53,76.13,52.81
Haveri district,38.75,44.63,42.22
Haveri district,27.72,46.04,50.2
Haveri district,64.02,42.15,43.1
Kaushambi,49.08,74.97,37.15
Kaushambi,28.45,71.51,33.72
Kaushambi,40.35,42.35,57.86
Hoshiarpur,68.59,54.58,16.36
Hoshiarpur,30.09,66.43,53.67
Hoshiarpur,37.43,74.28,67.69
Etawah,55.6,64.34,24.65
Etawah,68.27,76.62,59.22
Etawah,36.52,41.27,54.24
Betul,57.4,49.7,48.25
Betul,57.72,63.41,22.27
Betul,59.3,75.81,47.59
Kalahandi,25.87,66.45,30.87
Kalahandi,50.49,68.4,42.77
Kalahandi,68.76,45.23,66.37
Hathras (Mahamaya Nagar),58.95,55.31,79.45
Hathras (Mahamaya Nagar),26.89,48.78,47.33
Hathras (Mahamaya Nagar),56.4,41.08,67.59
Dewas,57.12,67.92,81.57
Dewas,52.12,49.33,27.29
Dewas,64.33,50.42,21.39
Sant Ravidas Nagar,40.23,41.38,53.34
Sant Ravidas Nagar,42.18,54.66,26.12
Sant Ravidas Nagar,57.78,75.83,16.13
Bharuch,27.19,51.62,42.72
Bharuch,63.02,79.55,79.91
Bharuch,34.08,46.92,77.7
Rajgarh,56.58,58.21,76.9
Rajgarh,45.67,77.27,68.82
Rajgarh,32.45,53.09,55.49
Chittorgarh,68.38,78.29,60.03
Chittorgarh,67.34,63.69,46.52
Chittorgarh,55.93,51.85,85.35
Kolar,63.92,59.14,18.61
Kolar,55.05,44.89,83.74
Kolar,66.14,79.62,61.59
Rajnandgaon,29.22,51.76,29.47
Rajnandgaon,58.32,44.31,24.29
Rajnandgaon,60.59,43.84,30.59
Jammu,43.83,44.86,77.72
Jammu,64.48,68.68,53.46
Jammu,37.27,45.64,76.99
Kamrup,25.67,67.98,26.16
Kamrup,25.91,41.6,19.33
Kamrup,53.33,46.65,89.89
Gurgaon,40.77,57.58,82.02
Gurgaon,62.54,78.17,80.89
Gurgaon,50.58,46.31,89.48
Amreli district,40.71,55.3,16.64
Amreli district,35.16,76.2,54.78
Amreli district,50.16,52.52,53.03
Shajapur,57.62,54.22,37.23
Shajapur,64.92,58.57,81.07
Shajapur,52.67,65.56,88.96
Kangra,30.64,72.02,59.62
Kangra,69.03,65.12,60.35
Kangra,30.76,60.49,59.76
Bhadrak,43.64,67.27,71.23
Bhadrak,63.35,79.26,63.41
Bhadrak,56.36,53.12,39.59
Karnal,47.39,67.47,80.69
Karnal,68.18,76.68,21.25
Karnal,68.63,74.71,86.54
Dharmapuri,46.11,72.06,87.77
Dharmapuri,62.93,59.51,69.13
Dharmapuri,61.91,69.52,51.8
West Singhbhum,60.0,77.81,72.27
West Singhbhum,67.42,65.78,44.77
West Singhbhum,42.95,72.26,56.8
Raigarh,61.21,70.53,26.34
Raigarh,41.8,66.13,20.99
Raigarh,33.27,44.77,48.32
Deoghar,33.6,74.3,71.74
Deoghar,37.89,46.91,39.66
Deoghar,65.84,51.86,71.21
Sonipat,43.73,45.53,73.67
Sonipat,55.82,63.0,31.43
Sonipat,53.25,54.95,37.58
Bargarh (Baragarh),38.29,77.74,30.45
Bargarh (Baragarh),60.34,68.83,21.68
Bargarh (Baragarh),50.72,66.06,41.71
Karauli,37.37,53.62,16.73
Karauli,63.35,71.7,61.92
Karauli,31.3,48.5,54.22
Vidisha,42.16,77.08,28.75
Vidisha,69.65,46.4,49.66
Vidisha,63.63,73.09,31.53
Ratlam,35.45,42.36,72.83
Ratlam,55.5,41.92,38.51
Ratlam,51.68,59.73,61.85
Hapur (Panchsheel Nagar),29.88,79.75,62.4
Hapur (Panchsheel Nagar),65.37,75.09,18.78
Hapur (Panchsheel Nagar),55.11,76.43,46.96
Tikamgarh,57.45,78.5,32.65
Tikamgarh,63.31,42.45,25.22
Tikamgarh,35.21,48.28,70.53
Kendrapara,27.17,43.98,49.4
Kendrapara,48.14,56.05,56.39
Kendrapara,65.59,54.82,44.51
Kanshi Ram Nagar,62.09,48.83,52.77
Kanshi Ram Nagar,65.25,79.9,22.14
Kanshi Ram Nagar,29.12,49.78,47.52
Tonk,27.42,67.42,62.6
Tonk,35.07,56.73,38.36
Tonk,38.64,70.91,68.73
Bastar,67.29,78.64,43.51
Bastar,26.37,51.54,80.23
Bastar,47.47,46.76,76.92
Jhalawar,66.58,72.91,69.87
Jhalawar,30.7,72.07,60.41
Jhalawar,60.08,78.49,74.09
Koppal,61.1,67.65,29.17
Koppal,35.41,56.09,74.56
Koppal,52.93,42.65,54.76
Dungapur,50.11,71.14,85.33
Dungapur,44.76,74.73,26.12
Dungapur,69.66,42.5,77.01
Bathinda,61.97,78.38,17.73
Bathinda,46.84,58.57,52.89
Bathinda,59.34,47.25,75.72
Gandhinagar,67.09,45.98,79.17
Gandhinagar,60.93,76.01,15.92
Gandhinagar,53.61,70.09,52.15
Barwani,39.4,76.1,47.15
Barwani,35.98,49.84,15.58
Barwani,45.47,66.41,34.46
Seoni,58.93,65.84,85.05
Seoni,56.69,51.04,65.6
Seoni,41.17,52.43,72.97
Koraput,57.64,66.56,39.21
Koraput,44.98,52.9,26.21
Koraput,47.15,47.75,87.48
Auraiya,34.59,74.22,41.03
Auraiya,66.47,78.7,23.16
Auraiya,40.45,79.76,72.3
Munger,56.36,57.68,67.49
Munger,27.55,77.12,29.61
Munger,59.41,68.51,56.38
Uttara Kannada,49.44,45.48,80.86
Uttara Kannada,29.2,67.17,54.65
Uttara Kannada,50.04,43.88,73.62
Patan,63.42,41.62,55.04
Patan,45.11,73.44,59.2
Patan,28.75,40.23,87.36
Sivaganga,36.69,44.96,86.24
Sivaganga,30.15,73.79,61.41
Sivaganga,63.9,66.51,78.03
Mandsaur,35.82,60.94,63.78
Mandsaur,62.72,57.89,43.22
Mandsaur,39.32,78.93,84.86
Sawai Madhopur,28.72,67.59,59.23
Sawai Madhopur,48.29,44.03,82.94
Sawai Madhopur,38.91,62.19,62.32
Ramanathapuram,33.01,77.21,47.73
Ramanathapuram,61.09,53.84,58.48
Ramanathapuram,50.62,57.8,59.97
Jind,31.5,42.71,64.33
Jind,54.31,52.08,81.02
Jind,32.04,74.24,24.76
Raisen,67.68,46.34,65.49
Raisen,29.36,48.17,68.21
Raisen,65.23,40.5,23.4
Navsari,43.19,76.66,85.91
Navsari,30.03,75.46,89.36
Navsari,43.96,70.45,26.38
Dibrugarh,28.64,77.01,73.81
Dibrugarh,45.5,68.37,25.74
Dibrugarh,35.8,41.12,88.08
Garhwa,53.31,58.3,22.27
Garhwa,31.22,68.15,26.15
Garhwa,60.84,74.8,50.25
Gondia,61.04,74.49,87.71
Gondia,64.34,76.36,61.76
Gondia,60.83,61.63,37.84
Dumka,32.56,76.56,79.12
Dumka,42.53,59.58,15.98
Dumka,49.79,57.64,81.01
Tinsukia,53.16,76.23,83.11
Tinsukia,69.99,40.49,38.38
Tinsukia,42.53,70.77,17.75
Godda,47.33,77.28,22.21
Godda,56.7,47.24,52.74
Godda,49.62,54.95,54.46
Sehore,47.62,71.81,39.72
Sehore,64.39,71.35,41.71
Sehore,26.26,75.09,88.0
Khandwa (East Nimar),37.16,67.75,20.18
Khandwa (East Nimar),67.0,72.31,43.44
Khandwa (East Nimar),54.15,50.97,48.67
Kasaragod,50.86,43.08,23.07
Kasaragod,25.62,71.32,20.73
Kasaragod,62.05,46.89,78.84
Bagpat,64.01,58.07,55.93
Bagpat,67.36,77.59,25.76
Bagpat,59.85,40.03,51.2
Wardha,33.17,61.15,83.49
Wardha,51.79,57.81,83.61
Wardha,60.44,58.68,30.91
Sirsa,58.91,45.52,64.85
Sirsa,32.08,79.46,54.71
Sirsa,57.28,77.62,68.85
Katni,28.98,73.68,35.4
Katni,43.2,73.16,58.96
Katni,45.27,55.15,86.41
Angul,53.32,52.65,45.87
Angul,38.58,70.61,77.82
Angul,39.44,63.04,30.17
Srinagar,26.24,73.15,19.79
Srinagar,31.99,43.25,37.67
Srinagar,39.63,79.67,83.76
Tiruvarur,67.04,54.99,87.61
Tiruvarur,32.27,48.48,51.71
Tiruvarur,43.15,60.45,48.46
Damoh,68.99,41.9,87.6
Damoh,64.64,79.48,79.84
Damoh,60.64,43.76,18.64
Kamrup Metropolitan,35.89,76.15,38.62
Kamrup Metropolitan,56.22,61.41,25.21
Kamrup Metropolitan,25.65,75.06,65.94
Chikkaballapur,46.51,60.73,40.34
Chikkaballapur,67.43,48.28,49.06
Chikkaballapur,30.48,44.15,60.53
Theni,44.94,51.25,65.91
Theni,63.3,50.29,23.03
Theni,66.28,62.48,22.21
Hoshangabad,52.05,67.0,50.83
Hoshangabad,36.72,78.05,38.92
Hoshangabad,57.78,42.73,74.68
Guna,59.92,40.06,60.04
Guna,31.79,43.51,60.48
Guna,42.23,41.11,58.66
Baran,45.78,55.92,75.96
Baran,67.38,57.02,65.65
Baran,29.43,57.21,44.03
Nabarangpur,65.33,48.36,78.48
Nabarangpur,46.08,77.05,21.02
Nabarangpur,46.86,67.85,83.88
Lalitpur,69.4,53.55,68.68
Lalitpur,58.12,58.72,67.25
Lalitpur,61.42,55.16,47.34
Gir Somnath,36.31,53.19,31.72
Gir Somnath,56.77,46.5,70.66
Gir Somnath,29.55,40.66,49.77
Karimganj,52.07,56.87,22.35
Karimganj,32.63,52.1,30.25
Karimganj,64.62,49.45,85.73
Yamuna Nagar,67.54,48.81,24.41
Yamuna Nagar,45.92,78.12,31.7
Yamuna Nagar,62.33,54.88,77.56
Dholpur,66.65,53.5,36.51
Dholpur,34.48,59.66,45.74
Dholpur,58.24,59.09,26.62
Korba,64.7,74.89,25.4
Korba,33.29,62.47,43.86
Korba,52.15,62.28,56.18
Panipat,51.53,52.08,83.67
Panipat,58.76,73.44,86.35
Panipat,27.51,54.61,52.95
Bhandara,36.78,43.02,80.49
Bhandara,47.64,57.29,30.34
Bhandara,44.18,67.18,79.78
Washim,45.24,70.53,65.43
Washim,50.2,42.52,39.89
Washim,54.06,59.4,82.17
Pathanamthitta,37.15,46.17,31.55
Pathanamthitta,28.27,73.68,20.95
Pathanamthitta,40.71,72.75,25.37
Dhenkanal,38.31,48.12,20.48
Dhenkanal,41.75,48.95,25.44
Dhenkanal,39.2,73.69,65.02
Hingoli,56.27,55.12,63.18
Hingoli,69.72,46.23,32.99
Hingoli,40.66,58.51,62.95
Singrauli,58.77,77.04,85.72
Singrauli,68.65,75.97,70.25
Singrauli,25.51,45.62,33.63
Udupi,49.18,48.23,72.65
Udupi,48.21,43.74,65.63
Udupi,55.69,40.47,15.85
Yadgir,29.64,61.89,87.87
Yadgir,42.09,44.67,35.42
Yadgir,44.61,46.36,16.95
Rajsamand,45.27,42.83,44.03
Rajsamand,33.96,63.73,48.5
Rajsamand,61.36,75.13,27.33
Sivasagar,65.12,66.29,26.59
Sivasagar,64.31,51.12,79.48
Sivasagar,43.72,40.91,64.15
Sahibganj,55.06,78.08,30.63
Sahibganj,56.46,52.99,61.33
Sahibganj,49.79,79.7,17.46
Chikkamagaluru,66.92,75.89,19.75
Chikkamagaluru,69.07,58.25,45.82
Chikkamagaluru,44.37,76.62,39.47
Ambala,49.1,65.46,56.46
Ambala,62.12,65.75,77.53
Ambala,63.5,54.92,77.53
Jagatsinghpur,58.78,72.73,66.15
Jagatsinghpur,65.34,53.98,18.0
Jagatsinghpur,31.85,69.57,49.63
Sidhi,68.53,42.58,19.65
Sidhi,45.81,41.08,62.77
Sidhi,65.59,64.44,29.16
Jehanabad,26.17,77.4,66.05
Jehanabad,50.5,74.73,27.98
Jehanabad,53.96,71.52,27.12
Tarn Taran,69.28,59.48,89.98
Tarn Taran,55.75,61.75,87.55
Tarn Taran,32.27,58.59,33.52
Shravasti,56.69,79.65,26.31
Shravasti,37.7,61.66,53.27
Shravasti,31.17,56.12,26.04
Bundi,60.1,48.53,57.45
Bundi,51.24,75.73,72.24
Bundi,42.06,46.45,69.37
Idukki,64.38,56.07,51.65
Idukki,31.84,54.21,29.83
Idukki,60.99,71.48,42.67
Hamirpur,30.02,46.43,47.19
Hamirpur,43.2,75.21,15.48
Hamirpur,52.36,62.02,72.4
Narsinghpur,28.9,64.67,27.91
Narsinghpur,65.32,60.01,32.22
Narsinghpur,26.11,55.7,23.2
Jorhat,69.16,70.96,33.78
Jorhat,34.29,68.18,15.78
Jorhat,43.16,77.46,57.27
Mewat,55.23,72.02,21.74
Mewat,68.8,52.46,59.53
Mewat,61.64,61.21,48.65
Ramanagara,51.33,48.89,55.77
Ramanagara,52.43,71.56,81.44
Ramanagara,37.08,44.1,30.83
Karur,50.09,59.82,46.45
Karur,51.89,43.98,53.33
Karur,39.56,59.94,54.45
Kaithal,35.87,79.49,83.08
Kaithal,64.08,41.03,66.83
Kaithal,68.85,43.17,25.32
Chhota Udaipur,47.68,74.63,46.53
Chhota Udaipur,39.37,41.31,35.96
Chhota Udaipur,33.31,44.25,17.9
Gadchiroli,37.96,51.06,49.35
Gadchiroli,27.12,61.55,25.39
Gadchiroli,53.9,65.04,19.2
Anantnag,66.98,75.87,61.09
Anantnag,28.35,77.3,31.53
Anantnag,69.96,51.13,74.71
Gadag,38.11,45.71,24.2
Gadag,54.37,41.21,31.05
Gadag,53.76,77.01,58.99
Shahdol,37.82,49.67,42.05
Shahdol,61.21,64.5,81.04
Shahdol,69.95,54.29,73.23
Seraikela Kharsawan,43.28,61.4,34.28
Seraikela Kharsawan,61.31,61.14,83.05
Seraikela Kharsawan,46.09,77.81,16.67
Rohtak,66.51,57.11,84.89
Rohtak,57.19,46.03,73.89
Rohtak,39.08,50.67,31.61
Golaghat,51.9,70.64,69.15
Golaghat,55.11,41.67,72.99
Golaghat,66.57,44.29,33.89
Chandigarh,40.95,41.77,79.27
Chandigarh,53.19,62.4,71.95
Chandigarh,50.91,67.84,54.77
Mandla,67.5,58.98,65.96
Mandla,41.23,53.6,24.05
Mandla,43.59,64.4,66.57
Aravalli,34.29,67.09,66.12
Aravalli,67.02,71.48,24.64
Aravalli,69.26,65.2,78.14
Sambalpur,54.97,50.55,84.51
Sambalpur,41.87,45.77,21.0
Sambalpur,35.13,76.96,48.99
Chatra,59.95,44.82,81.4
Chatra,48.99,58.87,40.1
Chatra,59.8,52.17,31.58
Lakhimpur,54.19,47.03,39.06
Lakhimpur,42.83,62.74,21.82
Lakhimpur,36.26,68.55,48.13
Palwal,57.08,61.54,27.45
Palwal,58.72,55.7,74.02
Palwal,46.81,68.36,28.33
Sirohi,61.56,54.61,39.02
Sirohi,60.25,55.51,47.14
Sirohi,57.21,68.62,79.01
Mahasamund,30.94,70.12,40.41
Mahasamund,31.2,43.15,50.2
Mahasamund,38.11,79.03,78.25
Gumla,49.11,75.18,27.4
Gumla,63.43,70.77,25.31
Gumla,53.28,79.11,24.67
Jhabua,39.95,68.13,44.56
Jhabua,58.23,58.06,31.26
Jhabua,25.24,48.31,81.03
Chamarajnagar,60.78,67.33,24.86
Chamarajnagar,25.02,47.64,32.16
Chamarajnagar,37.25,69.98,52.53
Panna,59.97,46.54,29.14
Panna,46.78,59.87,59.1
Panna,69.03,48.95,56.56
Baramulla,62.63,45.21,73.76
Baramulla,29.07,77.99,54.43
Baramulla,51.02,67.7,83.84
Goalpara,42.12,55.96,61.72
Goalpara,65.56,79.7,60.33
Goalpara,57.94,59.86,31.94
Lakhisarai,33.24,67.71,40.69
Lakhisarai,45.16,65.8,26.42
Lakhisarai,56.82,54.5,37.06
Mandi,61.09,54.59,24.5
Mandi,31.8,70.15,57.12
Mandi,55.33,42.76,38.22
Mahisagar,47.21,64.21,65.48
Mahisagar,26.38,46.52,35.36
Mahisagar,60.48,48.13,39.49
Moga,65.71,68.92,33.99
Moga,64.45,75.71,41.67
Moga,61.77,70.83,82.15
Chitrakoot,63.98,77.04,42.96
Chitrakoot,56.42,43.37,78.55
Chitrakoot,54.58,53.53,86.52
Bangalore Rural,61.15,77.24,68.04
Bangalore Rural,51.51,72.41,26.29
Bangalore Rural,34.42,68.76,75.87
Sahibzada Ajit Singh Nagar,44.34,76.43,26.47
Sahibzada Ajit Singh Nagar,41.55,72.4,72.2
Sahibzada Ajit Singh Nagar,41.15,76.01,27.44
Karbi Anglong,51.18,72.95,63.83
Karbi Anglong,62.91,65.95,33.23
Karbi Anglong,62.37,75.27,46.67
Kurukshetra,68.55,74.38,34.85
Kurukshetra,52.85,66.42,49.14
Kurukshetra,31.53,59.2,19.14
Nayagarh,49.39,60.94,70.49
Nayagarh,54.81,40.57,74.73
Nayagarh,68.01,52.58,45.77
Rayagada,52.84,79.06,82.48
Rayagada,42.86,40.03,69.45
Rayagada,31.48,44.69,49.33
Morbi,53.18,67.11,51.08
Morbi,50.87,75.17,64.1
Morbi,31.52,62.69,75.13
Morigaon,58.75,77.55,54.13
Morigaon,66.28,68.82,71.12
Morigaon,58.66,78.51,85.99
Jhajjar,46.54,45.89,51.67
Jhajjar,27.6,76.48,68.01
Jhajjar,30.5,53.16,57.17
Nainital,53.91,46.84,47.71
Nainital,39.12,73.8,44.03
Nainital,30.7,49.19,25.96
Baksa,47.15,51.3,84.31
Baksa,26.81,67.92,72.75
Baksa,55.71,69.55,67.79
Ramgarh,49.6,57.05,71.65
Ramgarh,26.67,48.21,49.57
Ramgarh,35.14,76.29,72.6
Pondicherry,35.83,57.25,48.09
Pondicherry,48.93,77.3,74.71
Pondicherry,43.74,51.27,21.78
Fatehabad,36.17,73.48,77.16
Fatehabad,45.17,57.64,57.46
Fatehabad,46.77,68.07,54.54
Mahendragarh,52.91,40.67,58.27
Mahendragarh,58.76,46.4,37.53
Mahendragarh,64.18,69.21,62.94
West Tripura,44.5,72.84,73.27
West Tripura,35.46,44.83,75.86
West Tripura,69.94,43.01,32.86
Darrang,49.76,68.47,61.98
Darrang,68.56,77.61,50.75
Darrang,39.99,51.4,73.61
Sri Muktsar Sahib,39.6,76.62,69.91
Sri Muktsar Sahib,67.2,44.74,81.67
Sri Muktsar Sahib,62.9,73.07,71.17
Pakur,39.8,63.28,44.79
Pakur,48.04,76.5,60.79
Pakur,69.16,63.41,36.64
Rewari,31.43,40.86,28.76
Rewari,40.36,52.77,70.66
Rewari,33.29,67.21,80.35
Kokrajhar,58.51,57.25,15.69
Kokrajhar,60.48,62.81,73.56
Kokrajhar,40.32,53.03,32.67
North Delhi,65.09,67.39,57.13
North Delhi,38.54,50.53,70.19
North Delhi,36.37,55.09,23.42
Mahoba,46.54,74.23,74.55
Mahoba,40.17,47.77,65.74
Mahoba,60.41,51.22,89.52
Kupwara,52.85,56.95,48.12
Kupwara,44.56,75.11,76.28
Kupwara,38.25,64.07,17.51
Pratapgarh,43.95,58.87,65.39
Pratapgarh,26.75,71.89,26.41
Pratapgarh,61.05,73.12,15.84
Jashpur,64.67,65.41,48.15
Jashpur,25.89,50.4,37.8
Jashpur,45.04,65.72,71.36
Sindhudurg,64.31,72.06,16.68
Sindhudurg,38.11,70.75,46.33
Sindhudurg,32.08,43.39,42.17
Ashok Nagar,60.36,53.28,71.92
Ashok Nagar,45.88,70.54,85.28
Ashok Nagar,29.91,46.87,61.53
Udalguri,57.45,43.81,59.64
Udalguri,42.11,78.81,33.03
Udalguri,30.47,71.38,46.17
Neemuch,67.8,67.9,68.51
Neemuch,62.35,70.24,43.66
Neemuch,35.48,59.68,61.45
East Khasi Hills,55.36,72.97,34.59
East Khasi Hills,59.55,65.5,58.84
East Khasi Hills,43.97,56.25,44.39
North Goa,51.77,66.7,64.46
North Goa,41.03,73.45,39.17
North Goa,48.9,62.56,46.52
Kapurthala,34.82,74.77,87.94
Kapurthala,29.05,70.64,50.12
Kapurthala,41.27,49.08,25.12
Wayanad,48.94,60.2,45.86
Wayanad,35.91,51.48,70.93
Wayanad,25.17,58.13,65.81
Shimla,47.34,77.51,17.01
Shimla,49.52,71.26,67.74
Shimla,67.75,70.65,63.68
Tapi,45.33,44.94,38.43
Tapi,62.31,45.52,28.61
Tapi,28.89,74.22,16.04
Dhamtari,40.64,55.85,46.96
Dhamtari,44.74,57.12,65.52
Dhamtari,48.57,65.68,44.84
Jamtara,49.49,72.33,85.08
Jamtara,67.79,40.47,59.39
Jamtara,54.21,62.39,49.99
Datia,63.12,43.74,64.33
Datia,39.25,61.12,46.22
Datia,51.97,78.81,73.37
Nalbari,30.4,66.12,28.27
Nalbari,44.04,71.36,45.25
Nalbari,25.08,53.31,20.51
Mansa,33.83,72.13,70.64
Mansa,35.24,59.3,62.95
Mansa,47.35,65.35,85.05
Burhanpur,61.68,78.24,31.01
Burhanpur,33.76,43.34,46.3
Burhanpur,35.03,58.29,66.5
Devbhoomi Dwarka,62.38,52.29,89.86
Devbhoomi Dwarka,37.94,63.15,51.37
Devbhoomi Dwarka,26.57,74.74,88.79
Ariyalur,28.74,49.49,63.98
Ariyalur,54.33,54.31,34.85
Ariyalur,30.88,48.4,29.67
Anuppur,39.79,57.25,36.79
Anuppur,45.46,55.28,65.56
Anuppur,37.07,75.35,67.7
Kanker,48.45,48.14,34.63
Kanker,40.36,73.21,35.84
Kanker,56.71,54.88,56.94
Badgam,45.81,42.58,85.98
Badgam,30.15,70.39,52.53
Badgam,59.98,48.94,53.92
Nilgiris,50.06,77.08,25.12
Nilgiris,54.44,75.76,19.98
Nilgiris,54.31,69.78,51.28
Bongaigaon,36.89,74.1,58.06
Bongaigaon,39.51,51.49,38.28
Bongaigaon,27.45,55.49,77.93
Kandhamal,43.48,66.63,29.63
Kandhamal,49.44,45.22,81.93
Kandhamal,60.77,45.48,36.83
Alirajpur,31.72,78.99,33.93
Alirajpur,27.91,50.05,38.38
Alirajpur,30.07,78.18,59.95
Latehar,64.48,43.5,35.16
Latehar,53.15,73.64,39.97
Latehar,26.97,66.6,63.34
Koderma,64.02,42.18,16.1
Koderma,43.53,62.07,62.79
Koderma,63.24,68.87,23.01
Dindori,28.34,59.89,26.58
Dindori,27.31,54.93,24.59
Dindori,65.04,48.71,54.24
Arwal,69.45,50.85,27.27
Arwal,49.39,79.98,53.49
Arwal,69.25,47.21,59.36
Dhemaji,59.46,41.32,69.17
Dhemaji,65.13,62.08,88.62
Dhemaji,67.15,73.05,84.4
Sheopur,59.74,52.93,35.4
Sheopur,64.48,48.56,86.49
Sheopur,31.91,50.53,20.39
Pauri Garhwal,31.31,42.61,84.04
Pauri Garhwal,64.83,54.18,69.17
Pauri Garhwal,54.98,53.41,28.58
Rupnagar,57.72,48.64,74.87
Rupnagar,42.81,46.82,29.8
Rupnagar,37.33,66.63,74.68
Jaisalmer,41.24,41.7,36.23
Jaisalmer,68.15,66.54,24.8
Jaisalmer,52.21,71.01,67.14
Surajpur,31.95,79.23,57.08
Surajpur,64.36,57.41,40.87
Surajpur,37.74,70.11,49.67
Hailakandi,27.67,60.98,56.16
Hailakandi,47.07,43.22,60.8
Hailakandi,66.28,77.14,85.33
Koriya,62.56,52.42,16.03
Koriya,64.71,47.97,27.02
Koriya,56.4,60.16,32.02
Sheohar,27.33,59.5,30.02
Sheohar,68.83,68.31,20.43
Sheohar,44.63,73.96,81.65
Botad,62.36,48.67,62.57
Botad,46.31,56.66,38.02
Botad,43.79,61.61,67.86
Subarnapur (Sonepur),36.69,49.01,65.62
Subarnapur (Sonepur),57.38,41.85,82.18
Subarnapur (Sonepur),68.41,61.58,68.22
Umaria,58.0,67.34,62.2
Umaria,48.49,60.34,59.33
Umaria,60.38,47.28,83.19
West Garo Hills,54.73,70.52,16.17
West Garo Hills,27.84,45.11,65.33
West Garo Hills,37.86,41.45,86.97
South Goa,34.37,50.34,64.73
South Goa,65.14,41.22,26.61
South Goa,42.41,48.76,43.39
Sheikhpura,55.32,52.46,89.73
Sheikhpura,50.33,54.33,64.32
Sheikhpura,36.74,42.73,38.52
Almora,68.78,75.76,40.01
Almora,67.81,74.66,33.66
Almora,57.61,74.86,27.76
Rajouri,32.55,64.9,85.99
Rajouri,27.46,56.57,64.05
Rajouri,52.77,48.73,78.0
Faridkot,32.15,49.92,55.0
Faridkot,55.21,47.12,28.12
Faridkot,64.98,42.26,21.92
Tehri Garhwal,60.19,46.0,78.72
Tehri Garhwal,57.5,53.79,83.34
Tehri Garhwal,28.08,77.76,56.2
Kathua,37.98,68.64,19.07
Kathua,68.3,53.44,26.15
Kathua,66.11,72.82,26.84
Shahid Bhagat Singh Nagar,33.71,50.84,48.82
Shahid Bhagat Singh Nagar,34.93,71.2,30.72
Shahid Bhagat Singh Nagar,36.89,68.21,67.36
Malkangiri,66.81,57.42,77.76
Malkangiri,38.98,44.3,17.34
Malkangiri,69.41,62.7,86.22
Nuapada,57.08,68.79,78.77
Nuapada,27.49,55.91,74.06
Nuapada,67.73,63.26,83.69
Fatehgarh Sahib,33.72,58.43,33.83
Fatehgarh Sahib,55.99,59.83,63.95
Fatehgarh Sahib,26.21,55.16,83.85
Simdega,66.04,52.39,81.08
Simdega,52.88,63.58,64.58
Simdega,28.42,54.52,50.9
Barnala,28.1,61.63,52.21
Barnala,30.14,47.71,56.26
Barnala,38.1,47.68,86.64
Narmada,36.44,44.01,67.88
Narmada,45.71,72.56,38.65
Narmada,67.9,74.74,18.95
Porbandar,31.64,63.9,47.12
Porbandar,51.62,78.84,20.64
Porbandar,62.9,66.27,21.74
Kabirdham (formerly Kawardha),44.85,62.14,58.57
Kabirdham (formerly Kawardha),55.89,69.46,17.53
Kabirdham (formerly Kawardha),61.4,63.56,59.29
Jharsuguda,38.94,62.51,86.75
Jharsuguda,33.75,77.87,70.45
Jharsuguda,54.54,60.99,42.17
Central Delhi,25.96,65.88,39.44
Central Delhi,36.95,56.47,20.51
Central Delhi,68.87,51.02,66.48
Solan,58.96,43.75,58.62
Solan,44.35,51.62,29.69
Solan,56.22,55.89,27.26
Gajapati,57.9,46.72,58.54
Gajapati,61.67,66.63,44.86
Gajapati,33.07,42.67,51.23
Harda,46.9,52.52,29.4
Harda,35.69,69.93,46.78
Harda,66.78,69.16,64.47
Pulwama,27.66,68.37,45.65
Pulwama,29.8,58.38,72.26
Pulwama,51.77,40.3,29.61
Perambalur,61.86,50.04,33.63
Perambalur,54.51,66.99,64.54
Perambalur,39.16,40.68,25.54
Panchkula,56.98,67.3,56.95
Panchkula,60.92,59.05,76.7
Panchkula,52.31,47.09,65.55
Udhampur,36.39,62.44,63.03
Udhampur,36.89,55.03,45.67
Udhampur,50.82,59.2,40.52
Kodagu,36.57,63.56,15.22
Kodagu,45.91,71.9,86.47
Kodagu,32.95,73.4,27.26
Dantewada,47.9,65.46,76.77
Dantewada,54.93,57.84,89.64
Dantewada,58.24,77.56,41.3
Khunti,58.43,70.37,70.14
Khunti,53.55,69.11,24.11
Khunti,27.1,73.65,16.22
Sirmaur,68.29,45.35,48.44
Sirmaur,56.47,44.29,18.43
Sirmaur,41.11,67.67,72.21
Una,62.28,76.61,50.09
Una,52.4,76.29,86.22
Una,42.02,44.57,44.39
Chamba,63.24,46.36,44.96
Chamba,47.91,58.97,73.54
Chamba,48.82,42.04,72.0
Imphal West,46.54,51.9,73.04
Imphal West,49.62,57.29,89.21
Imphal West,27.26,49.38,80.5
Pithoragarh,61.8,50.28,85.25
Pithoragarh,53.84,67.3,54.95
Pithoragarh,49.65,52.9,22.5
Sepahijala,30.36,41.81,89.72
Sepahijala,55.08,61.01,82.6
Sepahijala,50.01,43.54,72.53
Chirang,51.47,40.24,79.1
Chirang,59.36,70.13,49.18
Chirang,41.15,47.75,25.26
Poonch,64.33,59.01,54.95
Poonch,46.28,77.5,20.47
Poonch,69.57,65.38,31.92
Lohardaga,57.82,53.19,86.91
Lohardaga,68.17,76.27,51.33
Lohardaga,57.02,51.31,38.79
Hamirpur,53.79,41.84,24.86
Hamirpur,30.87,55.07,87.64
Hamirpur,42.52,71.25,74.11
Imphal East,25.63,44.96,87.1
Imphal East,38.83,59.93,21.21
Imphal East,58.78,47.04,62.14
Boudh (Bauda),61.56,77.54,86.6
Boudh (Bauda),44.74,40.9,53.53
Boudh (Bauda),61.64,71.03,72.7
Kullu,50.28,72.3,42.02
Kullu,39.14,78.84,44.44
Kullu,37.29,72.19,30.58
Gomati,37.64,43.6,29.98
Gomati,39.27,45.27,88.98
Gomati,48.2,75.86,17.97
South Tripura,64.69,67.09,47.34
South Tripura,33.89,47.63,69.76
South Tripura,49.15,46.61,54.39
Kulgam,45.05,53.26,28.05
Kulgam,31.17,56.22,34.22
Kulgam,63.1,50.54,74.33
Surguja,69.48,71.35,81.14
Surguja,42.63,49.98,50.09
Surguja,27.88,79.25,43.61
Thoubal,27.72,72.01,83.8
Thoubal,69.92,43.13,37.29
Thoubal,66.02,51.97,81.19
North Tripura,46.33,40.31,84.33
North Tripura,33.26,77.03,21.01
North Tripura,50.76,75.35,60.18
Tuensang,63.12,76.27,35.66
Tuensang,36.58,67.92,40.65
Tuensang,49.28,42.63,82.18
Doda,36.96,44.93,78.32
Doda,41.55,68.41,81.17
Doda,53.99,71.73,26.21
Aizawl,49.31,67.39,55.97
Aizawl,34.38,44.93,72.1
Aizawl,62.71,54.09,64.9
Chamoli,58.75,65.08,69.27
Chamoli,29.53,67.22,26.31
Chamoli,42.85,55.16,80.78
West Khasi Hills,56.92,66.06,75.83
West Khasi Hills,46.34,66.25,80.53
West Khasi Hills,37.36,54.77,41.06
Bandipora,43.79,47.52,54.02
Bandipora,45.04,62.45,35.65
Bandipora,27.38,49.13,72.5
Bilaspur,25.84,75.33,30.54
Bilaspur,26.84,75.83,41.23
Bilaspur,48.54,57.37,58.6
Dimapur,54.88,73.4,29.5
Dimapur,29.68,69.71,28.17
Dimapur,50.04,66.67,16.55
Dhalai,49.99,43.31,38.54
Dhalai,64.35,46.97,30.93
Dhalai,66.17,62.01,52.47
Senapati,52.28,69.9,45.93
Senapati,53.93,44.98,41.64
Senapati,42.64,47.54,29.0
Dadra and Nagar Haveli,46.61,75.32,78.68
Dadra and Nagar Haveli,43.45,46.21,74.18
Dadra and Nagar Haveli,40.92,75.82,26.23
Uttarkashi,42.38,58.29,88.98
Uttarkashi,52.3,59.1,67.78
Uttarkashi,62.08,55.0,89.21
Khowai,51.56,79.79,47.47
Khowai,47.85,42.45,61.8
Khowai,26.4,56.59,36.21
Samba,57.15,58.66,35.19
Samba,29.27,44.41,50.87
Samba,49.31,46.72,36.08
East Garo Hills,59.48,61.02,47.16
East Garo Hills,25.78,57.48,44.37
East Garo Hills,41.11,67.94,25.53
Reasi,48.86,51.36,75.37
Reasi,50.33,75.67,73.72
Reasi,41.64,69.33,74.95
Debagarh (Deogarh),29.63,69.73,67.73
Debagarh (Deogarh),59.56,73.97,84.0
Debagarh (Deogarh),67.86,59.85,51.9
Ganderbal,33.22,50.21,38.27
Ganderbal,60.98,42.83,74.04
Ganderbal,60.39,78.19,32.13
Ramban,27.01,62.69,81.22
Ramban,47.24,74.71,20.33
Ramban,65.9,65.11,83.86
East Sikkim,41.22,54.12,34.26
East Sikkim,58.58,72.43,80.88
East Sikkim,40.67,59.41,40.14
Unokoti,26.51,53.03,37.83
Unokoti,30.8,79.27,61.8
Unokoti,30.84,60.23,38.11
Churachandpur,35.04,79.76,42.5
Churachandpur,58.38,50.89,64.93
Churachandpur,64.28,68.98,89.82
West Jaintia Hills,60.3,50.2,57.17
West Jaintia Hills,26.68,65.29,88.29
West Jaintia Hills,58.71,65.21,16.03
Kohima,61.64,43.02,78.45
Kohima,41.01,78.23,82.44
Kohima,33.31,65.23,36.16
Shopian,59.77,53.01,46.9
Shopian,26.75,68.49,37.1
Shopian,54.16,70.46,35.4
Bageshwar,60.45,75.54,68.27
Bageshwar,69.98,41.78,71.29
Bageshwar,47.24,50.11,73.75
Mon,57.96,53.87,35.21
Mon,41.67,49.03,19.68
Mon,56.19,50.65,76.38
Champawat,65.03,45.68,46.86
Champawat,59.12,60.45,74.34
Champawat,64.35,70.72,26.82
Ri Bhoi,46.44,79.25,69.77
Ri Bhoi,36.25,45.78,45.94
Ri Bhoi,29.43,43.31,23.24
Bijapur,58.98,72.71,53.68
Bijapur,62.6,78.98,51.51
Bijapur,32.3,73.13,36.43
Sukma,33.94,77.69,52.77
Sukma,37.64,52.13,20.95
Sukma,60.44,69.56,35.25
Bishnupur,66.28,63.91,83.31
Bishnupur,25.31,53.84,36.27
Bishnupur,35.92,71.82,67.2
South Andaman,47.6,45.3,61.44
South Andaman,47.93,75.64,41.55
South Andaman,54.42,49.63,85.17
Rudraprayag,46.8,62.11,57.97
Rudraprayag,62.92,51.64,50.58
Rudraprayag,47.48,66.22,34.27
Kishtwar,63.3,72.2,62.79
Kishtwar,43.76,66.24,32.99
Kishtwar,64.01,60.76,38.23
Dang,66.01,73.98,86.45
Dang,67.21,75.14,65.22
Dang,39.1,68.77,50.76
Dima Hasao,50.23,53.23,85.95
Dima Hasao,45.77,68.01,27.69
Dima Hasao,31.35,73.83,39.29
Karaikal,57.95,74.68,49.82
Karaikal,39.17,46.08,85.31
Karaikal,56.8,54.98,54.8
Mokokchung,27.25,43.51,38.42
Mokokchung,46.15,57.71,76.68
Mokokchung,58.1,75.21,28.46
Daman,31.61,44.4,21.96
Daman,33.92,70.46,52.93
Daman,53.29,47.13,85.69
Ukhrul,53.26,57.53,74.73
Ukhrul,50.53,53.83,44.31
Ukhrul,61.57,41.39,46.16
Papum Pare,51.45,61.0,33.97
Papum Pare,25.88,63.71,75.66
Papum Pare,28.36,49.04,39.06
Wokha,60.61,64.64,36.42
Wokha,56.88,75.29,85.03
Wokha,28.28,59.09,19.21
Peren,66.23,53.8,24.28
Peren,45.38,63.51,73.36
Peren,63.97,44.55,31.48
Phek,36.49,41.62,85.24
Phek,30.64,68.62,70.84
Phek,66.13,50.07,24.39
Lunglei,50.61,62.03,30.19
Lunglei,68.2,79.81,86.23
Lunglei,69.11,79.48,39.09
Changlang,52.11,73.56,75.72
Changlang,67.79,40.27,60.45
Changlang,51.02,71.49,58.11
Leh,58.83,51.51,58.89
Leh,49.06,54.41,52.24
Leh,67.8,71.32,84.43
South Sikkim,38.24,58.16,55.69
South Sikkim,48.61,59.58,18.12
South Sikkim,45.77,78.01,76.92
Lohit,50.82,76.18,31.94
Lohit,30.65,70.32,77.58
Lohit,38.47,58.06,36.61
Chandel,38.82,53.29,28.39
Chandel,42.93,52.56,34.16
Chandel,63.57,63.52,17.81
Kargil,43.49,57.34,35.6
Kargil,65.78,55.33,22.9
Kargil,54.97,64.24,44.22
South Garo Hills,37.33,49.11,29.43
South Garo Hills,59.24,43.25,27.38
South Garo Hills,48.66,71.37,72.86
Zunheboto,67.17,59.8,43.71
Zunheboto,55.16,75.37,25.52
Zunheboto,62.18,64.25,26.21
Narayanpur,65.36,47.1,68.04
Narayanpur,49.05,73.03,41.27
Narayanpur,37.04,45.05,15.28
Tamenglong,64.1,41.9,39.28
Tamenglong,53.74,40.52,34.62
Tamenglong,56.79,69.7,34.63
West Sikkim,33.02,67.46,46.56
West Sikkim,63.35,45.23,34.09
West Sikkim,62.4,74.66,25.83
New Delhi,26.66,51.22,61.78
New Delhi,47.76,69.97,39.36
New Delhi,27.91,47.52,55.77
Champhai,51.44,64.02,84.09
Champhai,53.85,78.04,52.84
Champhai,57.19,68.46,41.24
East Jaintia Hills,47.96,53.62,53.36
East Jaintia Hills,60.97,62.72,77.03
East Jaintia Hills,42.0,57.28,68.22
North Garo Hills,38.89,42.92,55.51
North Garo Hills,30.38,54.99,50.73
North Garo Hills,26.45,64.67,42.43
Lawngtlai,66.82,78.14,40.66
Lawngtlai,65.1,75.56,88.36
Lawngtlai,36.48,49.9,49.24
West Siang,29.8,40.02,30.82
West Siang,31.31,42.75,48.92
West Siang,34.7,78.95,20.95
Tirap,45.36,56.62,45.52
Tirap,37.11,56.57,68.04
Tirap,69.38,69.12,61.01
South West Khasi Hills,67.32,49.27,82.93
South West Khasi Hills,26.84,58.51,33.45
South West Khasi Hills,28.83,62.28,18.65
North and Middle Andaman,50.43,57.84,33.24
North and Middle Andaman,49.22,69.71,43.96
North and Middle Andaman,54.82,66.95,36.6
East Siang,64.26,48.82,20.91
East Siang,28.1,75.88,51.71
East Siang,44.68,42.7,74.47
Kurung Kumey,62.98,74.65,43.43
Kurung Kumey,69.85,63.64,47.9
Kurung Kumey,31.61,60.11,56.21
West Kameng,53.9,73.9,89.1
West Kameng,60.29,50.71,82.47
West Kameng,57.75,69.79,85.65
Mamit,69.83,73.67,87.85
Mamit,39.39,51.71,77.36
Mamit,49.91,62.34,50.21
Kinnaur,35.73,65.9,86.61
Kinnaur,52.06,60.89,15.8
Kinnaur,57.49,54.44,46.05
Upper Subansiri,63.48,79.66,44.71
Upper Subansiri,40.2,66.48,52.48
Upper Subansiri,46.63,61.53,63.32
Kolasib,36.57,47.63,50.46
Kolasib,68.69,79.0,71.41
Kolasib,44.65,40.95,83.37
Lower Subansiri,59.84,72.93,18.41
Lower Subansiri,44.63,68.51,45.02
Lower Subansiri,30.85,48.39,35.33
East Kameng,57.33,43.36,59.95
East Kameng,46.51,46.68,28.67
East Kameng,62.34,48.04,78.35
Kiphire,55.71,42.58,81.98
Kiphire,63.51,71.22,42.67
Kiphire,57.64,78.38,52.15
Serchhip,37.1,51.4,51.37
Serchhip,65.17,76.36,59.71
Serchhip,41.5,58.79,20.65
Lakshadweep,43.78,73.41,31.17
Lakshadweep,59.09,59.08,68.11
Lakshadweep,55.29,46.18,71.63
Saiha,25.44,55.39,62.13
Saiha,37.06,55.78,19.48
Saiha,37.98,68.82,54.41
Yanam,38.29,59.13,60.36
Yanam,35.67,50.04,50.08
Yanam,43.17,62.77,49.81
Lower Dibang Valley,26.01,68.25,44.33
Lower Dibang Valley,42.5,67.43,66.92
Lower Dibang Valley,61.51,40.87,59.83
Diu,60.77,52.45,78.5
Diu,55.41,50.54,38.12
Diu,30.8,47.23,68.15
Longleng,50.61,71.01,23.68
Longleng,55.57,77.35,33.32
Longleng,41.57,70.82,21.72
Tawang,38.1,63.1,57.46
Tawang,38.25,57.83,51.15
Tawang,45.3,66.82,66.7
North Sikkim,37.4,62.09,29.4
North Sikkim,30.44,75.71,47.62
North Sikkim,65.85,40.76,23.61
Mahe,50.9,55.36,64.03
Mahe,31.39,63.54,50.13
Mahe,25.02,68.01,75.02
Nicobar,30.24,49.45,78.14
Nicobar,63.94,52.84,35.84
Nicobar,61.51,43.1,23.53
Upper Siang,33.7,50.09,40.46
Upper Siang,26.67,61.0,30.71
Upper Siang,31.92,60.3,31.47
Lahaul and Spiti,52.61,48.83,19.09
Lahaul and Spiti,35.59,48.3,39.0
Lahaul and Spiti,41.55,56.93,87.49
Anjaw,33.3,43.57,16.98
Anjaw,40.03,76.06,81.42
Anjaw,50.32,46.5,42.83
Dibang Valley,32.98,57.7,81.89
Dibang Valley,33.35,60.02,44.12
Dibang Valley,61.07,76.6,83.12
Fazilka,36.39,75.04,49.9
Fazilka,25.57,55.67,31.81
Fazilka,60.0,46.21,58.54
Shamli,40.33,41.54,18.42
Shamli,29.84,54.41,66.96
Shamli,50.22,79.73,18.04
Balrampur,30.7,57.45,62.36
Balrampur,44.29,43.59,28.37
Balrampur,62.11,45.89,26.96
Bemetara,43.4,68.45,38.76
Bemetara,42.01,64.86,24.5
Bemetara,37.35,43.69,87.09
Palghar,62.21,79.9,57.38
Palghar,50.28,67.05,50.86
Palghar,35.48,68.3,24.95
Longding,25.61,59.88,35.03
Longding,63.78,49.48,46.5
Longding,49.14,63.67,23.98
Balod,53.75,79.14,43.06
Balod,62.64,41.81,36.39
Balod,51.99,74.42,85.42
Baloda Bazar,25.37,41.77,46.21
Baloda Bazar,52.63,62.22,86.98
Baloda Bazar,45.37,68.43,19.65
Gariaband,52.53,41.3,48.78
Gariaband,57.17,48.49,70.56
Gariaband,61.59,62.77,71.18
Kondagaon,41.14,54.78,26.13
Kondagaon,61.73,47.78,72.41
Kondagaon,55.68,57.5,18.73
Mungeli,37.17,79.45,28.24
Mungeli,45.52,60.33,76.92
Mungeli,27.55,79.19,58.04
Shahdara,47.53,66.45,82.2
Shahdara,62.97,46.24,61.76
Shahdara,33.55,74.16,49.46
South East Delhi,55.92,49.76,73.61
South East Delhi,29.42,57.76,64.46
South East Delhi,54.88,59.25,67.56
Agar,68.76,58.35,84.0
Agar,65.01,60.8,35.75
Agar,52.1,41.86,81.18
South West Garo Hills,62.25,55.18,47.42
South West Garo Hills,36.8,72.48,54.69
South West Garo Hills,35.71,57.21,31.82
Amethi (Chhatrapati Shahuji Maharaj Nagar),64.02,55.19,87.57
Amethi (Chhatrapati Shahuji Maharaj Nagar),35.51,68.6,38.84
Amethi (Chhatrapati Shahuji Maharaj Nagar),46.27,76.95,57.92
