AHMEDNAGAR,Maharashtra
MAHOBA,Uttar Pradesh
SUNDARGARH,Odisha
KRISHNA,Andhra Pradesh
ANUPPUR,Madhya Pradesh
MAINPURI,Uttar Pradesh
BIDAR,Karnataka
SEONI,Madhya Pradesh
SHIVPURI,Madhya Pradesh
WEST SINGHBHUM,Jharkhand
LATUR,Maharashtra
RAE BAREILY,Uttar Pradesh
SARAIKELA,Jharkhand
LATEHAR,Jharkhand
REWA,Madhya Pradesh
DEOGARH,Odisha
GANJAM,Odisha
MORENA,Madhya Pradesh
AKOLA,Maharashtra
LOHARDAGA,Jharkhand
RAJKOT,Gujarat
WASHIM,Maharashtra
KANKER,Chhattisgarh
JABALPUR,Madhya Pradesh
JHUNJHUNU,Rajasthan
GIRIDIH,Jharkhand
BEED,Maharashtra
HAZARIBAGH,Jharkhand
KODERMA,Jharkhand
CHAMARAJANAGAR,Karnataka
KUTCH,Gujarat
JAIPUR,Rajasthan
CHICKBALLAPUR,Karnataka
CHANDAULI,Uttar Pradesh
KONDAGAON,Chhattisgarh
KALABURGI,Karnataka
VIJAPURA,Karnataka
BHILWARA,Rajasthan
GADAG,Karnataka
CHIKKAMAGALUR,Karnataka
JALNA,Maharashtra
PUNE,Maharashtra
WARDHA,Maharashtra
LUCKNOW,Uttar Pradesh
INDORE,Madhya Pradesh
YSR KADAPA,Andhra Pradesh
NUAPADA,Odisha
KARIMNAGAR AND WARANGAL,Telangana
HANUMANGARH,Rajasthan
JALGAON,Maharashtra
YADGIR,Karnataka
DAVANAGERE,Karnataka
ANGUL,Odisha
HAMIRPUR,Uttar Pradesh
KEONJHAR,Odisha
DHULE,Maharashtra
KORBA,Chhattisgarh
BALASORE,Odisha
OSMANABAD,Maharashtra
ETAWAH,Uttar Pradesh
BIJAPUR,Chhattisgarh
RAICHUR,Karnataka
KANPUR DEHAT,Uttar Pradesh
PANNA,Madhya Pradesh
BHIND,Madhya Pradesh
BANGALORE RURAL,Karnataka
KUSHINAGAR,Uttar Pradesh
RAMGARH,Jharkhand
MEDAK,Telangana
MIRZAPUR,Uttar Pradesh
SHAJAPUR,Madhya Pradesh
DAMOH,Madhya Pradesh
JAUNPUR,Uttar Pradesh
RAMANAGARA,Karnataka
FAIZABAD,Uttar Pradesh
MANDSAUR,Madhya Pradesh
SIDHI,Madhya Pradesh
DEOGHAR,Jharkhand
BARAN,Rajasthan
KURNOOL,Andhra Pradesh
CHHINDWARA,Madhya Pradesh
HARDA,Madhya Pradesh
CUTTACK,Odisha
KHARGONE,Madhya Pradesh
DURG,Chhattisgarh
UDAIPUR,Rajasthan
NIZAMABAD,Telangana
JALOR,Rajasthan
BILASPUR,Chhattisgarh
BASTI,Uttar Pradesh
RAJSAMAND,Rajasthan
YAVATMAL,Maharashtra
JAMNAGAR,Gujarat
SRIKAKULAM,Andhra Pradesh
MAYURBHANJ,Odisha
BARMER,Rajasthan
NASHIK,Maharashtra
GUMLA,Jharkhand
NALGONDA,Telangana
UMARIA,Madhya Pradesh
BURHANPUR,Madhya Pradesh
AGRA,Uttar Pradesh
PRAKASAM,Andhra Pradesh
ANANTAPUR,Andhra Pradesh
DANTEWARA,Chhattisgarh
TIKAMGARH,Madhya Pradesh
PURI,Odisha
AMARAVATI,Maharashtra
KALAHANDI,Odisha
GAJAPATI,Odisha
MAHASAMUND,Chhattisgarh
RAJNANDGAON,Chhattisgarh
RAYAGADA,Odisha
BANSWARA,Rajasthan
AURAIYA,Uttar Pradesh
HINGOLI,Maharashtra
PORBANDAR,Gujarat
JHABUA,Madhya Pradesh
KHORDHA,Odisha
JODHPUR,Rajasthan
DHAMTARY,Chhattisgarh
BHANDARA,Maharashtra
RATLAM,Madhya Pradesh
BOKARO,Jharkhand
DEVBHUMI DWARKA,Gujarat
ALLAHABAD,Uttar Pradesh
GUNA,Madhya Pradesh
BALLIA,Uttar Pradesh
CHURU,Rajasthan
HAVERI,Karnataka
BETUL,Madhya Pradesh
PALI,Rajasthan
RAIPUR,Chhattisgarh
UNNAO,Uttar Pradesh
RANGA REDDY,Telangana
SAGAR,Madhya Pradesh
CHANDRAPUR,Maharashtra
SIDHARTHNAGAR,Uttar Pradesh
KANPUR NAGAR,Uttar Pradesh
SANGLI,Maharashtra
CHITTORGARH,Rajasthan
NANDURBAR,Maharashtra
VIDISHIA,Madhya Pradesh
CHITRADURGA,Karnataka
ASHOKNAGAR,Madhya Pradesh
DHANBAD,Jharkhand
JHARSUGUDA,Odisha
GUNTUR,Andhra Pradesh
SULTANPUR,Uttar Pradesh
GARIABAND,Chhattisgarh
ETAH,Uttar Pradesh
MUNGELI,Chhattisgarh
PRATAPGARH,Rajasthan
DHENKANAL,Odisha
KORIA,Chhattisgarh
MAU,Uttar Pradesh
BALLARI,Karnataka
BALOD,Chhattisgarh
RAIGARH,Chhattisgarh
GOANDIA,Maharashtra
AJMER,Rajasthan
BADWANI,Madhya Pradesh
GHAZIABAD,Uttar Pradesh
SATNA,Madhya Pradesh
SHIVAMOGGA,Karnataka
BASTAR,Chhattisgarh
SONBHADRA,Uttar Pradesh
PARBHANI,Maharashtra
SHAHDOL,Madhya Pradesh
UTTARA KANNADA,Karnataka
AMETHI,Uttar Pradesh
DHARWAD,Karnataka
JAISALMER,Rajasthan
SEHORE,Madhya Pradesh
FATEHPUR,Uttar Pradesh
AMBEDKAR NAGAR AND BALRAMPUR,Uttar Pradesh
NARAYANPUR,Chhattisgarh
FARRUKHABAD,Uttar Pradesh
NABARANGPUR,Odisha
BANDA,Uttar Pradesh
GONDA,Uttar Pradesh
SPSR NELLORE,Andhra Pradesh
BAGHPAT,Uttar Pradesh
AURANGABAD,Maharashtra
PALAMU,Jharkhand
DEWAS,Madhya Pradesh
SHAHJAHANPUR,Uttar Pradesh
JALAUN,Uttar Pradesh
BALANGIR,Odisha
BAGALKOTE,Karnataka
RANCHI,Jharkhand
BEMETARA,Chhattisgarh
BELAGAVI,Karnataka
SANT KABIR NAGAR,Uttar Pradesh
RAMPUR,Uttar Pradesh
BALRAMPUR,Chhattisgarh
KHANDWA,Madhya Pradesh
KANNAUJ,Uttar Pradesh
JAMTARA,Jharkhand
HASSAN,Karnataka
CHITRAKOOT,Uttar Pradesh
KORAPUT,Odisha
JASHAPUR,Chhattisgarh
BHADRAK,Odisha
RAISEN,Madhya Pradesh
MYSURU,Karnataka
BARABANKI,Uttar Pradesh
KAUSHAMBI,Uttar Pradesh
BHOPAL,Madhya Pradesh
DHAR,Madhya Pradesh
DUNGARPUR,Rajasthan
SAMBALPUR,Odisha
VIZIANAGARAM,Andhra Pradesh
NEEMUCH,Madhya Pradesh
NAYAGARH,Odisha
KHUNTI,Jharkhand
EAST SINGHBHUM,Jharkhand
HOSHANGABAD,Madhya Pradesh
CHHATARPUR,Madhya Pradesh
NAGPUR,Maharashtra
GARHWA,Jharkhand
SOLAPUR,Maharashtra
SHEOPUR,Madhya Pradesh
NARSINGHPUR,Madhya Pradesh
SUKMA,Chhattisgarh
SIMDEGA,Jharkhand
KATNI,Madhya Pradesh
DEORIA,Uttar Pradesh
SUBARNAPUR,Odisha
GADCHIROLI,Maharashtra
KABIRDHAM,Chhattisgarh
MANDYA,Karnataka
DINDORI,Madhya Pradesh
MAHABUBNAGAR,Telangana
DUMKA,Jharkhand
GODDA,Jharkhand
RAJGARH,Madhya Pradesh
NANDED,Maharashtra
JHANSI,Uttar Pradesh
HATHRAS,Uttar Pradesh
KOLAR,Karnataka
MAHARAJGANJ,Uttar Pradesh
GORAKHPUR,Uttar Pradesh
LALITPUR,Uttar Pradesh
SURAJPUR,Chhattisgarh
NAGAUR,Rajasthan
CHITTOOR,Andhra Pradesh
JAJPUR,Odisha
BARGARH,Odisha
BOUDH,Odisha
CHATRA,Jharkhand
KANDHAMAL,Odisha
SIGROLI,Madhya Pradesh
UJJAIN,Madhya Pradesh
JANJGIR-CHAMAP,Chhattisgarh
TUMAKURU,Karnataka
KOPPAL,Karnataka
SATARA,Maharashtra
BULDHANA,Maharashtra
KODAGU,Karnataka
AGAR MALWA,Madhya Pradesh
SANT RAVIDAS NAGAR,Uttar Pradesh
PILIBHIT,Uttar Pradesh
